<?xml version="1.0" encoding="utf-8"?>
<phrases>
  <phrase title="permission.footerlinks_permissions_view_help" version_id="1000070" version_string="1.0.0"><![CDATA[View Help]]></phrase>
  <phrase title="permission.footerlinks_permissions_view_privacy_policy" version_id="1000070" version_string="1.0.0"><![CDATA[View Privacy Policy]]></phrase>
  <phrase title="permission.footerlinks_permissions_view_terms_and_rules" version_id="1000070" version_string="1.0.0"><![CDATA[View Terms and Rules]]></phrase>
  <phrase title="permission_interface.mdv_footerlinks_permissions" version_id="1000070" version_string="1.0.0"><![CDATA[[MoonDev] Footer Links]]></phrase>
</phrases>
