<?xml version="1.0" encoding="utf-8"?>
<template_modifications>
  <modification type="public" template="PAGE_CONTAINER" modification_key="mdv_links_footer" execution_order="10" enabled="1" action="str_replace">
    <find><![CDATA[					<xf:if is="$xf.tosUrl">
						<li><a href="{$xf.tosUrl}">{{ phrase('terms_and_rules') }}</a></li>
					</xf:if>

					<xf:if is="$xf.privacyPolicyUrl">
						<li><a href="{$xf.privacyPolicyUrl}">{{ phrase('privacy_policy') }}</a></li>
					</xf:if>

					<xf:if is="$xf.helpPageCount">
						<li><a href="{{ link('help') }}">{{ phrase('help') }}</a></li>
					</xf:if>]]></find>
    <replace><![CDATA[<xf:include template="mdv_footer_links" />]]></replace>
  </modification>
</template_modifications>
