<?xml version="1.0" encoding="utf-8"?>
<templates>
  <template type="public" title="mdv_footer_links" version_id="1000070" version_string="1.0.0"><![CDATA[<xf:if is="$xf.visitor.hasPermission('footerlinks_permissions','view_terms_and_rules')">
	<xf:if is="$xf.tosUrl">
		<li><a href="{$xf.tosUrl}">{{ phrase('terms_and_rules') }}</a></li>
	</xf:if>
</xf:if>

<xf:if is="$xf.visitor.hasPermission('footerlinks_permissions','view_privacy_policy')">
	<xf:if is="$xf.privacyPolicyUrl">
		<li><a href="{$xf.privacyPolicyUrl}">{{ phrase('privacy_policy') }}</a></li>
	</xf:if>
</xf:if>

<xf:if is="$xf.visitor.hasPermission('footerlinks_permissions','view_help')">
	<xf:if is="$xf.helpPageCount">
		<li><a href="{{ link('help') }}">{{ phrase('help') }}</a></li>
	</xf:if>
</xf:if>]]></template>
</templates>
